{"predictions": [1, 0, 0, 1, 2, 2, 2, 2, 0, 2, 1, 0, 1, 1, 2, 1, 2, 1, 0, 0, 0, 0, 0, 1, 0, 2, 0, 1, 0, 2, 2, 1, 0, 0, 1, 1, 0, 0, 0, 0, 0, 2, 2, 2, 1], "pdp_avgs": [[[0.26753024499517547, 0.27973590960802786, 0.290499996846628, 0.30149553307436416, 0.321563894435503, 0.3305732503664126, 0.33753697250777914, 0.3403887846485514, 0.33991441486882934, 0.3375436306625272, 0.33387548488849, 0.3290737888433319, 0.32340625601506434, 0.317403566498664, 0.31159567521303555, 0.30613020977980204, 0.3008056811411671, 0.2953791619599214, 0.289706062799996, 0.2837120784722411, 0.2774996162587563, 0.2714918905593726, 0.26618623159423765, 0.2618030278510362, 0.2582203801253112, 0.25506758884767955, 0.25178368953661734, 0.24178427227567575, 0.2338299055491949, 0.22393356741697254, 0.1922176420596794, 0.17886963157577762], [0.3800888026329086, 0.36788313801704, 0.3571190507769777, 0.34612351454856216, 0.326055153187491, 0.31704579725734805, 0.31008207511756675, 0.30723026297991396, 0.30770463276597526, 0.3100754169860192, 0.3137435627923502, 0.3185452589205496, 0.3242127919838281, 0.33021548223504765, 0.3360233760660337, 0.3414888512862302, 0.34681342175770047, 0.35224013993378245, 0.3579142934055509, 0.3639145004112247, 0.3701677543221878, 0.37646493638826584, 0.3836117525328328, 0.3927504594045673, 0.39858295398789717, 0.40204421873297114, 0.40535670498728427, 0.4153585744218929, 0.4233129563221695, 0.43320934808052725, 0.46507398363609853, 0.49156310824213056], [0.3523809523719159, 0.35238095237493217, 0.35238095237639433, 0.3523809523770738, 0.35238095237700595, 0.35238095237623923, 0.3523809523746541, 0.35238095237153466, 0.3523809523651954, 0.3523809523514536, 0.3523809523191598, 0.3523809522361185, 0.3523809520011076, 0.3523809512662884, 0.3523809487209308, 0.35238093893396777, 0.3523808971011324, 0.35238069810629624, 0.35237964379445313, 0.3523734211165342, 0.35233262941905596, 0.3520431730523616, 0.35020201587292954, 0.3454465127443965, 0.34319666588679165, 0.3428881924193493, 0.3428596054760984, 0.34285715330243133, 0.34285713812863566, 0.34285708450250013, 0.3427083743042221, 0.32956726018209176]], [[0.3265724050980535, 0.32144319503345814, 0.3166064891036886, 0.3121329371438675, 0.3080568138269902, 0.30429981538341955, 0.3006453648893243, 0.2967532989775868, 0.2922069590301835, 0.2866018258176056, 0.27966738784418954, 0.271378045987714, 0.2619641018211653, 0.2517720760283365, 0.24109461859261583, 0.23001032131520763, 0.21821034594083152, 0.2053129391333478, 0.19149858771618597, 0.16346435444490703, 0.13971026327772643], [0.3211928035659734, 0.32618865666397406, 0.3310137077188109, 0.33548621589443095, 0.3395622436305856, 0.34331923316552043, 0.346973682818296, 0.35086574864991954, 0.35541208858967, 0.36101722180151824, 0.36795165977486516, 0.37624100163133434, 0.38565494579788234, 0.39584697159071114, 0.4065244290264318, 0.41760872630383994, 0.4294087016782159, 0.44230610848569857, 0.45612045990285416, 0.4841546931738404, 0.5079087843281491], [0.35223479133597313, 0.3523681483025678, 0.3523798031775005, 0.3523808469617016, 0.3523809425424243, 0.35238095145105996, 0.35238095229237965, 0.3523809523724936, 0.3523809523801465, 0.35238095238087613, 0.3523809523809452, 0.3523809523809517, 0.3523809523809523, 0.3523809523809524, 0.3523809523809524, 0.3523809523809524, 0.3523809523809526, 0.35238095238095357, 0.3523809523809599, 0.3523809523812525, 0.35238095239412437]], [[0.1449891824809504, 0.1466294254080133, 0.14820532984704693, 0.14968292196919106, 0.15104149557945867, 0.15227407220472133, 0.15338436848874207, 0.15438248347165967, 0.15609290273427973, 0.233423498254592, 0.4631158751633591, 0.5064966081754306, 0.5156328621854152, 0.5213287609270097, 0.5231370848613218, 0.525352085404875, 0.5285143372158313, 0.5342126563303377, 0.5580700486379225, 0.5733896974588428, 0.5964714703061653, 0.6298628543540808, 0.6728186740147788, 0.7203407187336488, 0.7684928148498416, 0.8128967922949493, 0.851406743736004, 0.8895054919826624, 0.9262589174479169, 0.9550280517691698, 0.9739429442944751, 0.9848173679700546, 0.9907050563307763, 0.9966148364808503, 0.9980700222148328, 0.9993635584561499, 0.9996093956500034, 0.9998557078231374, 0.9998596340689704], [0.42142541671544786, 0.44109244785915225, 0.4581896358495766, 0.4707278348515361, 0.478432296625609, 0.48685804711000685, 0.4925149249686291, 0.49303273555816624, 0.49152476090379227, 0.5526452702333576, 0.5078785734743376, 0.49338105336359556, 0.48436710285870027, 0.4786712390729886, 0.4768629151386782, 0.474647914595125, 0.4714856627841687, 0.46578734366966235, 0.44192995136207747, 0.4266103025411572, 0.40352852969383474, 0.3701371456459193, 0.3271813259852212, 0.27965928126635115, 0.2315071851501584, 0.18710320770505073, 0.14859325626399603, 0.11049450801733753, 0.07374108255208321, 0.04497194823083025, 0.026057055705524763, 0.015182632029945436, 0.009294943669223739, 0.003385163519149856, 0.0019299777851673674, 0.0006364415438501487, 0.0003906043499965759, 0.00014429217686262686, 0.00014036593102953064], [0.43358540080360175, 0.4122781267328344, 0.39360503430337646, 0.3795892431792729, 0.37052620779493234, 0.36086788068527187, 0.3541007065426289, 0.35258478097017404, 0.35238233636192806, 0.2139312315120503, 0.029005551362303348, 0.0001223384609736617, 3.4955884685210686e-08, 1.6111399849688313e-15, 2.632619366912695e-19, 3.5859609063293297e-23, 4.0717796709231555e-27, 3.85410267815055e-31, 2.000229517143063e-39, 1.0967221939985588e-43, 5.0127048359235725e-48, 1.90988043384437e-52, 6.065947714281547e-57, 1.6060146552126212e-61, 3.5445299550075484e-66, 6.521178255184149e-71, 1.000119177160935e-75, 1.2786029806914936e-80, 1.3626301367599327e-85, 1.2105387243289936e-90, 8.964746295123962e-96, 5.534218892964646e-101, 2.8479637078467073e-106, 4.368957610617787e-117, 1.3024245678415017e-122, 6.706258171348477e-134, 1.1585501802653636e-139, 2.0158962204779193e-157, 1.1991175229692642e-169]], [[0.6377397546630345, 0.6215300725178714, 0.6081469907278451, 0.5866124681838969, 0.5650340059174049, 0.5378718932251666, 0.3438117548960534, 0.3024924073876121, 0.2789754888675893, 0.2612331398922917, 0.24596455386862046, 0.2465748902920394, 0.349002923267324, 0.634570882421662, 0.8570467094878899, 0.9520816162630916, 0.9942182131943401, 0.9996880206547086, 0.9999545286813776, 0.9999942921372811, 0.9999995804750876, 0.9999999831295128], [0.00987929090442089, 0.026088974985189115, 0.03947205689031013, 0.06100657952431191, 0.08258504382226807, 0.10974721513295016, 0.3176330733088059, 0.40643475855175976, 0.49938571139596016, 0.6140782121972759, 0.7058680641248986, 0.7195918356922172, 0.6318124816573624, 0.36522635826800975, 0.14295326245205867, 0.0479183837369053, 0.0057817868056598744, 0.0003119793452914831, 4.547131862247938e-05, 5.707862718889535e-06, 4.1952491249058445e-07, 1.687048714918456e-08], [0.35238095443254464, 0.35238095249693946, 0.35238095238184475, 0.3523809522917912, 0.35238095026032695, 0.35238089164188313, 0.33855517179514066, 0.2910728340606281, 0.22163879973645045, 0.12468864791043255, 0.048167382006481047, 0.0338332740157434, 0.01918459507531348, 0.0002027593103282849, 2.8060051478835405e-08, 3.105737730343966e-15, 9.151640451264667e-23, 1.163846838011521e-30, 6.397112604306427e-39, 1.5225274220290885e-47, 1.5728752996623056e-56, 7.074776826658645e-66]]], "pdp_grid": [[4.3, 4.4, 4.5, 4.6, 4.8, 4.9, 5.0, 5.1, 5.2, 5.3, 5.4, 5.5, 5.6, 5.7, 5.8, 5.9, 6.0, 6.1, 6.2, 6.3, 6.4, 6.5, 6.6, 6.7, 6.8, 6.9, 7.0, 7.2, 7.3, 7.4, 7.7, 7.9], [2.2, 2.3, 2.4, 2.5, 2.6, 2.7, 2.8, 2.9, 3.0, 3.1, 3.2, 3.3, 3.4, 3.5, 3.6, 3.7, 3.8, 3.9, 4.0, 4.2, 4.4], [1.0, 1.1, 1.2, 1.3, 1.4, 1.5, 1.6, 1.7, 1.9, 3.0, 3.3, 3.5, 3.6, 3.8, 3.9, 4.0, 4.1, 4.2, 4.4, 4.5, 4.6, 4.7, 4.8, 4.9, 5.0, 5.1, 5.2, 5.3, 5.4, 5.5, 5.6, 5.7, 5.8, 6.0, 6.1, 6.3, 6.4, 6.7, 6.9], [0.1, 0.2, 0.3, 0.4, 0.5, 0.6, 1.0, 1.1, 1.2, 1.3, 1.4, 1.5, 1.6, 1.7, 1.8, 1.9, 2.0, 2.1, 2.2, 2.3, 2.4, 2.5]],